file,layer,extension
000_source_to_raw/source-to-raw-powerbi-activityevents-one-off-load.py,000_source_to_raw,.py
000_source_to_raw/source-to-raw-powerbi-activityevents.py,000_source_to_raw,.py
000_source_to_raw/source-to-raw-powerbi-groups.py,000_source_to_raw,.py
000_source_to_raw/source-to-raw-powerbi-master.py,000_source_to_raw,.py
000_source_to_raw/source-to-raw-powerbi-reports.py,000_source_to_raw,.py
000_source_to_raw/source-to-raw-schedulevalidator.py,000_source_to_raw,.py
000_source_to_raw/source-to-raw-teambinder.py,000_source_to_raw,.py
100_raw_to_bronze/raw_to_bronze.py,100_raw_to_bronze,.py
100_raw_to_bronze/raw_to_bronze_clue_all.py,100_raw_to_bronze,.py
100_raw_to_bronze/raw_to_bronze_files_all.py,100_raw_to_bronze,.py
100_raw_to_bronze/raw_to_bronze_v2.py,100_raw_to_bronze,.py
100_raw_to_bronze/raw_to_bronze_zipcodes_all.py,100_raw_to_bronze,.py
100_raw_to_bronze/raw_to_bronze_zipcodes_all_v2.py,100_raw_to_bronze,.py
200_bronze_to_silver/bronze_to_silver.py,200_bronze_to_silver,.py
200_bronze_to_silver/bronze_to_silver_v2.py,200_bronze_to_silver,.py
maintenance/maintenace_optimize_all_tables.py,maintenance,.py
maintenance/maintenace_update_p6_column_positions.py,maintenance,.py
maintenance/maintenance_define_schedulevalidator_schema.py,maintenance,.py
maintenance/maintenance_define_teambinder_form_schema.py,maintenance,.py
maintenance/maintenance_execute_notebooks_in_optimize_folder.py,maintenance,.py
miscellaneous_scripts/bronze_to_silver_e1_f03b11_v.py,miscellaneous_scripts,.py
miscellaneous_scripts/nccer_learners_reference_manual_override.ipynb,miscellaneous_scripts,.ipynb
miscellaneous_scripts/raw_to_swat_files_all_sundt_foundation.py,miscellaneous_scripts,.py
miscellaneous_scripts/silver_to_gold_vw_brdgit.py,miscellaneous_scripts,.py
miscellaneous_scripts/silver_to_gold_vw_dim_timecard_v.py,miscellaneous_scripts,.py
miscellaneous_scripts/silver_to_gold_vw_fact_current_plan_actuals_summary_v.py,miscellaneous_scripts,.py
miscellaneous_scripts/silver_to_gold_vw_fact_current_plan_detail_v.py,miscellaneous_scripts,.py
miscellaneous_scripts/silver_to_gold_vw_fact_current_plan_summary_v.py,miscellaneous_scripts,.py
miscellaneous_scripts/silver_to_gold_vw_fact_timecard_v.py,miscellaneous_scripts,.py
miscellaneous_scripts/source_to_gold_autodesk_api_refresh_token.py,miscellaneous_scripts,.py
security/assign_table_access.py,security,.py
security/security_functions.py,security,.py
startup/environment_startup.py,startup,.py
utility/common_functions.py,utility,.py
utility/gold_table_processor.py,utility,.py
utility/insert_silver_to_gold_metadata.py,utility,.py
utility/jdbc_sql_server.py,utility,.py
utility/log_operation_metrics.py,utility,.py
utility/nano_second_timer.py,utility,.py
utility/odbc_sql_server.py,utility,.py
utility/recursive_query_processor.py,utility,.py
utility/user_defined_functions.py,utility,.py
miscellaneous_scripts/azure_cost_management_api_/source_to_bronze_actualcost.py,miscellaneous_scripts,.py
miscellaneous_scripts/azure_cost_management_api_/source_to_bronze_amortizedcost.py,miscellaneous_scripts,.py
maintenance/optimize_and_zorder/maintenace_optimize_account_master.py,maintenance,.py
maintenance/optimize_and_zorder/maintenace_optimize_dim_project.py,maintenance,.py
maintenance/optimize_and_zorder/maintenace_optimize_e1_f060116.py,maintenance,.py
maintenance/optimize_and_zorder/maintenace_optimize_e1_f08001.py,maintenance,.py
maintenance/optimize_and_zorder/maintenace_optimize_p6_project.py,maintenance,.py
maintenance/optimize_and_zorder/maintenace_optimize_p6_projwbs.py,maintenance,.py
maintenance/optimize_and_zorder/maintenace_optimize_p6_task.py,maintenance,.py
maintenance/optimize_and_zorder/maintenace_optimize_p6_taskactv.py,maintenance,.py
maintenance/optimize_and_zorder/maintenace_optimize_p6_taskrsrc.py,maintenance,.py
maintenance/optimize_and_zorder/maintenace_optimize_p6_tbl_sundt_api.py,maintenance,.py
maintenance/optimize_and_zorder/maintenace_optimize_p6_tbl_sundt_api_weekly.py,maintenance,.py
maintenance/optimize_and_zorder/maintenace_optimize_schedule_fact_task.py,maintenance,.py
maintenance/vacuum/maintenance_vacuum_all_tables.py,maintenance,.py
environment_promotion/clone_tables/1 - clone_table_to_target_environment.py,environment_promotion,.py
environment_promotion/clone_tables/2 - clone_table_to_target_environment - silver.py,environment_promotion,.py
environment_promotion/clone_tables/3 - clone_table_to_target_environment - silver.py,environment_promotion,.py
environment_promotion/metadata_promotion_scripts/build_metadata_table.py,environment_promotion,.py
environment_promotion/metadata_promotion_scripts/promote_metadata_to_azuresql.py,environment_promotion,.py
environment_promotion/metadata_promotion_scripts/run_adf_promote_metadata_pipeline.py,environment_promotion,.py
environment_promotion/misc_scripts/Bug 8342_dim_project_is_business_unit.py,environment_promotion,.py
environment_promotion/misc_scripts/Bug 9711_fact_account_balance.py,environment_promotion,.py
environment_promotion/misc_scripts/Bug 9712_fact_weekly_labor_head_count.py,environment_promotion,.py
environment_promotion/misc_scripts/Bug 9713_fact_deficiency.py,environment_promotion,.py
environment_promotion/misc_scripts/Bug_6349_prolog_datatypes.sql,environment_promotion,.sql
environment_promotion/misc_scripts/Bug_6438_p6_fact_task_rename_baseline_fields.sql,environment_promotion,.sql
environment_promotion/misc_scripts/Bug_6583_data_merge.py,environment_promotion,.py
environment_promotion/misc_scripts/Bug_7058_p6_fact_task_float_days.sql,environment_promotion,.sql
environment_promotion/misc_scripts/data_process_for_bug_6583.py,environment_promotion,.py
environment_promotion/post_deployment_scripts/20231109_maintain_dim_project_ineight_interface_indicator.py,environment_promotion,.py
environment_promotion/post_deployment_scripts/placeholder.py,environment_promotion,.py
300_silver_to_gold/b2g/silver_to_gold_dim_vendor.py,300_silver_to_gold,.py
300_silver_to_gold/b2g/silver_to_gold_dim_xbe.py,300_silver_to_gold,.py
300_silver_to_gold/b2g/silver_to_gold_dim_xbe_subcontractor_commitments.py,300_silver_to_gold,.py
300_silver_to_gold/b2g/silver_to_gold_fact_contract_payment_xbe.py,300_silver_to_gold,.py
300_silver_to_gold/b2g/silver_to_gold_fact_vendor_payment_xbe.py,300_silver_to_gold,.py
300_silver_to_gold/b2g/silver_to_gold_vw_fact_vendor_performance_xbe.py,300_silver_to_gold,.py
300_silver_to_gold/bridgit/silver_to_gold_vw_brdgit_project.py,300_silver_to_gold,.py
300_silver_to_gold/bridgit/silver_to_gold_vw_brdgt_nccer_credentials.py,300_silver_to_gold,.py
300_silver_to_gold/bridgit/silver_to_gold_vw_brdgt_vairkko_certifications.py,300_silver_to_gold,.py
300_silver_to_gold/bridgit/silver_to_gold_vw_brdgt_vairkko_templates.py,300_silver_to_gold,.py
300_silver_to_gold/bridgit/silver_to_gold_vw_brdgt_vrm_driver_compliance.py,300_silver_to_gold,.py
300_silver_to_gold/cmt/silver_to_gold_cmt_enr_buildingcost_index.py,300_silver_to_gold,.py
300_silver_to_gold/cmt/silver_to_gold_cmt_estimatedatadetails_general.py,300_silver_to_gold,.py
300_silver_to_gold/cmt/silver_to_gold_cmt_estimatedatadetails_hmf.py,300_silver_to_gold,.py
300_silver_to_gold/cmt/silver_to_gold_cmt_estimatedatadetails_office.py,300_silver_to_gold,.py
300_silver_to_gold/cmt/silver_to_gold_cmt_estimatedatadetails_parking.py,300_silver_to_gold,.py
300_silver_to_gold/cmt/silver_to_gold_cmt_estimatedatadetails_project.py,300_silver_to_gold,.py
300_silver_to_gold/cmt/silver_to_gold_cmt_estimatedatadetails_renovation.py,300_silver_to_gold,.py
300_silver_to_gold/cmt/silver_to_gold_cmt_estimatedatadetails_rsmeans_escalator.py,300_silver_to_gold,.py
300_silver_to_gold/cmt/silver_to_gold_cmt_estimatedatadetails_sm.py,300_silver_to_gold,.py
300_silver_to_gold/cmt/silver_to_gold_cmt_estimate_fee_details.py,300_silver_to_gold,.py
300_silver_to_gold/cmt/silver_to_gold_cmt_historicalcostdata.py,300_silver_to_gold,.py
300_silver_to_gold/cmt/silver_to_gold_cmt_st_dictionary.py,300_silver_to_gold,.py
300_silver_to_gold/cmt/silver_to_gold_cmt_summarydatadetails.py,300_silver_to_gold,.py
300_silver_to_gold/compliance/silver_to_gold_bridge_vendor_eval_evaluator.py,300_silver_to_gold,.py
300_silver_to_gold/compliance/silver_to_gold_bridge_vendor_eval_work_package.py,300_silver_to_gold,.py
300_silver_to_gold/compliance/silver_to_gold_dim_project_phase.py,300_silver_to_gold,.py
300_silver_to_gold/compliance/silver_to_gold_dim_vendor_evaluation_form.py,300_silver_to_gold,.py
300_silver_to_gold/compliance/silver_to_gold_dim_work_package_trade.py,300_silver_to_gold,.py
300_silver_to_gold/compliance/silver_to_gold_fact_vendor_evaluation.py,300_silver_to_gold,.py
300_silver_to_gold/conformed/silver_to_gold_dim_company.py,300_silver_to_gold,.py
300_silver_to_gold/conformed/silver_to_gold_dim_date.py,300_silver_to_gold,.py
300_silver_to_gold/conformed/silver_to_gold_dim_project.py,300_silver_to_gold,.py
300_silver_to_gold/conformed/silver_to_gold_dim_project_org_hierarchy.py,300_silver_to_gold,.py
300_silver_to_gold/conformed/silver_to_gold_dim_zipcodes.py,300_silver_to_gold,.py
300_silver_to_gold/conformed/silver_to_gold_fact_project_details.py,300_silver_to_gold,.py
300_silver_to_gold/conformed/silver_to_gold_vw_business_unit.py,300_silver_to_gold,.py
300_silver_to_gold/conformed/silver_to_gold_vw_closed_project.py,300_silver_to_gold,.py
300_silver_to_gold/cosential/silver_to_gold_bridge_project_opportunity_contact.py,300_silver_to_gold,.py
300_silver_to_gold/cosential/silver_to_gold_dim_construction_type.py,300_silver_to_gold,.py
300_silver_to_gold/cosential/silver_to_gold_dim_cosential_company.py,300_silver_to_gold,.py
300_silver_to_gold/cosential/silver_to_gold_dim_cosential_contact.py,300_silver_to_gold,.py
300_silver_to_gold/cosential/silver_to_gold_dim_cosential_project_opportunity_hierarchy.py,300_silver_to_gold,.py
300_silver_to_gold/cosential/silver_to_gold_dim_cosential_states.py,300_silver_to_gold,.py
300_silver_to_gold/cosential/silver_to_gold_dim_office.py,300_silver_to_gold,.py
300_silver_to_gold/cosential/silver_to_gold_dim_opportunity.py,300_silver_to_gold,.py
300_silver_to_gold/cosential/silver_to_gold_dim_opportunity_consultants.py,300_silver_to_gold,.py
300_silver_to_gold/cosential/silver_to_gold_dim_opportunity_staff.py,300_silver_to_gold,.py
300_silver_to_gold/cosential/silver_to_gold_dim_personnel.py,300_silver_to_gold,.py
300_silver_to_gold/cosential/silver_to_gold_dim_project_awards.py,300_silver_to_gold,.py
300_silver_to_gold/cosential/silver_to_gold_dim_project_certifications.py,300_silver_to_gold,.py
300_silver_to_gold/cosential/silver_to_gold_dim_project_consultants.py,300_silver_to_gold,.py
300_silver_to_gold/cosential/silver_to_gold_dim_project_consultants_contacts.py,300_silver_to_gold,.py
300_silver_to_gold/cosential/silver_to_gold_dim_project_descriptions.py,300_silver_to_gold,.py
300_silver_to_gold/cosential/silver_to_gold_dim_project_documents.py,300_silver_to_gold,.py
300_silver_to_gold/cosential/silver_to_gold_dim_project_fees_contract.py,300_silver_to_gold,.py
300_silver_to_gold/cosential/silver_to_gold_dim_project_joint_venture.py,300_silver_to_gold,.py
300_silver_to_gold/cosential/silver_to_gold_dim_project_joint_venture_other.py,300_silver_to_gold,.py
300_silver_to_gold/cosential/silver_to_gold_dim_project_market.py,300_silver_to_gold,.py
300_silver_to_gold/cosential/silver_to_gold_dim_project_owner_client.py,300_silver_to_gold,.py
300_silver_to_gold/cosential/silver_to_gold_dim_project_owner_client_contacts.py,300_silver_to_gold,.py
300_silver_to_gold/cosential/silver_to_gold_dim_project_reference.py,300_silver_to_gold,.py
300_silver_to_gold/cosential/silver_to_gold_dim_project_reference_testimonials.py,300_silver_to_gold,.py
300_silver_to_gold/cosential/silver_to_gold_dim_project_staff.py,300_silver_to_gold,.py
300_silver_to_gold/cosential/silver_to_gold_dim_project_type.py,300_silver_to_gold,.py
300_silver_to_gold/cosential/silver_to_gold_dim_service_types.py,300_silver_to_gold,.py
300_silver_to_gold/cosential/silver_to_gold_dim_studio.py,300_silver_to_gold,.py
300_silver_to_gold/cosential/silver_to_gold_dim_subproject.py,300_silver_to_gold,.py
300_silver_to_gold/cosential/silver_to_gold_dim_type.py,300_silver_to_gold,.py
300_silver_to_gold/cosential/silver_to_gold_fact_opportunity.py,300_silver_to_gold,.py
300_silver_to_gold/cosential/silver_to_gold_fact_opportunity_notes.py,300_silver_to_gold,.py
300_silver_to_gold/cosential/silver_to_gold_fact_project.py,300_silver_to_gold,.py
300_silver_to_gold/cosential/silver_to_gold_vw_fact_opportunity_current.py,300_silver_to_gold,.py
300_silver_to_gold/cslb/silver_to_gold_license_data.py,300_silver_to_gold,.py
300_silver_to_gold/deficiencies/silver_to_gold_dim_csi_code.py,300_silver_to_gold,.py
300_silver_to_gold/deficiencies/silver_to_gold_dim_deficiency_category.py,300_silver_to_gold,.py
300_silver_to_gold/deficiencies/silver_to_gold_dim_deficiency_cause_disposition.py,300_silver_to_gold,.py
300_silver_to_gold/deficiencies/silver_to_gold_dim_deficiency_division_group.py,300_silver_to_gold,.py
300_silver_to_gold/deficiencies/silver_to_gold_fact_deficiency.py,300_silver_to_gold,.py
300_silver_to_gold/destimator/silver_to_gold_dim_enr_building_cost_Index.py,300_silver_to_gold,.py
300_silver_to_gold/destimator/silver_to_gold_dim_estimate.py,300_silver_to_gold,.py
300_silver_to_gold/destimator/silver_to_gold_dim_estimate_feedata.py,300_silver_to_gold,.py
300_silver_to_gold/destimator/silver_to_gold_dim_estimate_summary.py,300_silver_to_gold,.py
300_silver_to_gold/destimator/silver_to_gold_dim_rsmeans_escalator.py,300_silver_to_gold,.py
300_silver_to_gold/destimator/silver_to_gold_dim_sundtcmt_dictionary.py,300_silver_to_gold,.py
300_silver_to_gold/destimator/silver_to_gold_fact_estimate_general.py,300_silver_to_gold,.py
300_silver_to_gold/destimator/silver_to_gold_fact_estimate_hmf.py,300_silver_to_gold,.py
300_silver_to_gold/destimator/silver_to_gold_fact_estimate_office.py,300_silver_to_gold,.py
300_silver_to_gold/destimator/silver_to_gold_fact_estimate_parking.py,300_silver_to_gold,.py
300_silver_to_gold/destimator/silver_to_gold_fact_estimate_project.py,300_silver_to_gold,.py
300_silver_to_gold/destimator/silver_to_gold_fact_estimate_renovation.py,300_silver_to_gold,.py
300_silver_to_gold/destimator/silver_to_gold_fact_estimate_sm.py,300_silver_to_gold,.py
300_silver_to_gold/emars/silver_to_gold_dim_contractor.py,300_silver_to_gold,.py
300_silver_to_gold/emars/silver_to_gold_dim_employee_emars.py,300_silver_to_gold,.py
300_silver_to_gold/emars/silver_to_gold_dim_ethnicity.py,300_silver_to_gold,.py
300_silver_to_gold/emars/silver_to_gold_dim_project_emars.py,300_silver_to_gold,.py
300_silver_to_gold/emars/silver_to_gold_dim_work_class.py,300_silver_to_gold,.py
300_silver_to_gold/emars/silver_to_gold_fact_payroll.py,300_silver_to_gold,.py
300_silver_to_gold/emars/silver_to_gold_fact_payroll_aggregated.py,300_silver_to_gold,.py
300_silver_to_gold/emars/silver_to_gold_vw_fact_payroll_aggregate_nonsensitive_v.py,300_silver_to_gold,.py
300_silver_to_gold/emars/silver_to_gold_vw_fact_payroll_hours_nonsensitive_v.py,300_silver_to_gold,.py
300_silver_to_gold/emars/silver_to_gold_vw_fact_workforce_summary_v.py,300_silver_to_gold,.py
300_silver_to_gold/emars/silver_to_gold_vw_fact_workforce_summary_worker_zip_v.py,300_silver_to_gold,.py
300_silver_to_gold/emars/silver_to_gold_vw_fact_workforce_summary_work_class_v.py,300_silver_to_gold,.py
300_silver_to_gold/enterprise_reporting/silver_to_gold_in8_cr_trn_cost_report.py,300_silver_to_gold,.py
300_silver_to_gold/enterprise_reporting/silver_to_gold_vw_generic_cost_curve_v.py,300_silver_to_gold,.py
300_silver_to_gold/equipment/silver_to_gold_bridge_work_order_gl_trans.py,300_silver_to_gold,.py
300_silver_to_gold/equipment/silver_to_gold_dim_equipment.py,300_silver_to_gold,.py
300_silver_to_gold/equipment/silver_to_gold_dim_equipment_alert.py,300_silver_to_gold,.py
300_silver_to_gold/equipment/silver_to_gold_dim_equipment_history.py,300_silver_to_gold,.py
300_silver_to_gold/equipment/silver_to_gold_dim_equipment_rate_group.py,300_silver_to_gold,.py
300_silver_to_gold/equipment/silver_to_gold_dim_equipment_status.py,300_silver_to_gold,.py
300_silver_to_gold/equipment/silver_to_gold_dim_equipment_type.py,300_silver_to_gold,.py
300_silver_to_gold/equipment/silver_to_gold_dim_maint_schedule_status.py,300_silver_to_gold,.py
300_silver_to_gold/equipment/silver_to_gold_dim_maint_schedule_type.py,300_silver_to_gold,.py
300_silver_to_gold/equipment/silver_to_gold_dim_responsible_party.py,300_silver_to_gold,.py
300_silver_to_gold/equipment/silver_to_gold_dim_work_order.py,300_silver_to_gold,.py
300_silver_to_gold/equipment/silver_to_gold_dim_work_order_ownership.py,300_silver_to_gold,.py
300_silver_to_gold/equipment/silver_to_gold_dim_work_order_status.py,300_silver_to_gold,.py
300_silver_to_gold/equipment/silver_to_gold_dim_work_order_type.py,300_silver_to_gold,.py
300_silver_to_gold/equipment/silver_to_gold_fact_equipment.py,300_silver_to_gold,.py
300_silver_to_gold/equipment/silver_to_gold_fact_equipment_account_balance_monthly.py,300_silver_to_gold,.py
300_silver_to_gold/equipment/silver_to_gold_fact_equipment_account_balance_weekly.py,300_silver_to_gold,.py
300_silver_to_gold/equipment/silver_to_gold_fact_equipment_alerts.py,300_silver_to_gold,.py
300_silver_to_gold/equipment/silver_to_gold_fact_equipment_availability.py,300_silver_to_gold,.py
300_silver_to_gold/equipment/silver_to_gold_fact_equipment_demand.py,300_silver_to_gold,.py
300_silver_to_gold/equipment/silver_to_gold_fact_equipment_gl_trans.py,300_silver_to_gold,.py
300_silver_to_gold/equipment/silver_to_gold_fact_equipment_site_rate_integration_log.py,300_silver_to_gold,.py
300_silver_to_gold/equipment/silver_to_gold_fact_equipment_status_history.py,300_silver_to_gold,.py
300_silver_to_gold/equipment/silver_to_gold_fact_equipment_type_demand.py,300_silver_to_gold,.py
300_silver_to_gold/equipment/silver_to_gold_fact_equipment_utilization.py,300_silver_to_gold,.py
300_silver_to_gold/equipment/silver_to_gold_fact_maint_schedule.py,300_silver_to_gold,.py
300_silver_to_gold/equipment/silver_to_gold_fact_work_order.py,300_silver_to_gold,.py
300_silver_to_gold/equipment/silver_to_gold_vw_dim_account_master_all_v.py,300_silver_to_gold,.py
300_silver_to_gold/equipment/silver_to_gold_vw_dim_project_bu_all_v.py,300_silver_to_gold,.py
300_silver_to_gold/equipment/silver_to_gold_vw_fact_equipment_rental_in_service_v.py,300_silver_to_gold,.py
300_silver_to_gold/equipment/silver_to_gold_vw_fact_equipment_site_rates_ineight_current_v.py,300_silver_to_gold,.py
300_silver_to_gold/equipment/silver_to_gold_vw_fact_work_order_gl_trans_v.py,300_silver_to_gold,.py
300_silver_to_gold/heavyjob/silver_to_gold_fact_daily_cost_by_cost_code.py,300_silver_to_gold,.py
300_silver_to_gold/heavyjob/silver_to_gold_fact_equip_detail.py,300_silver_to_gold,.py
300_silver_to_gold/heavyjob/silver_to_gold_fact_labor_detail.py,300_silver_to_gold,.py
300_silver_to_gold/ineight_document/silver_to_gold_dim_form.py,300_silver_to_gold,.py
300_silver_to_gold/ineight_document/silver_to_gold_dim_submittals_core.py,300_silver_to_gold,.py
300_silver_to_gold/ineight_document/silver_to_gold_fact_rfi.py,300_silver_to_gold,.py
300_silver_to_gold/ineight_document/silver_to_gold_fact_submittals.py,300_silver_to_gold,.py
300_silver_to_gold/ineight_document/silver_to_gold_fact_submittals_core.py,300_silver_to_gold,.py
300_silver_to_gold/ineight_document/silver_to_gold_fact_submittal_links.py,300_silver_to_gold,.py
300_silver_to_gold/ineight_document/silver_to_gold_fact_submittal_milestone.py,300_silver_to_gold,.py
300_silver_to_gold/ineight_document_reporting/silver_to_gold_dim_document_rfi_report.py,300_silver_to_gold,.py
300_silver_to_gold/ineight_document_reporting/silver_to_gold_dim_document_submittal.py,300_silver_to_gold,.py
300_silver_to_gold/ineight_document_reporting/silver_to_gold_fact_document.py,300_silver_to_gold,.py
300_silver_to_gold/labor/silver_to_gold_fact_monthly_subcontractors_hours_by_project.py,300_silver_to_gold,.py
300_silver_to_gold/labor/silver_to_gold_fact_weekly_labor_head_count.py,300_silver_to_gold,.py
300_silver_to_gold/labor/silver_to_gold_fact_weekly_labor_hours_by_project.py,300_silver_to_gold,.py
300_silver_to_gold/mpr/silver_to_gold_dim_mpr_status.py,300_silver_to_gold,.py
300_silver_to_gold/mpr/silver_to_gold_fact_cor_adjustments.py,300_silver_to_gold,.py
300_silver_to_gold/mpr/silver_to_gold_fact_costs_vs_budget_summary.py,300_silver_to_gold,.py
300_silver_to_gold/mpr/silver_to_gold_fact_mpr_base.py,300_silver_to_gold,.py
300_silver_to_gold/mpr/silver_to_gold_fact_pcco_adjustments.py,300_silver_to_gold,.py
300_silver_to_gold/mpr/silver_to_gold_fact_reconciliation.py,300_silver_to_gold,.py
300_silver_to_gold/mpr/silver_to_gold_fact_status.py,300_silver_to_gold,.py
300_silver_to_gold/mpr/silver_to_gold_fact_upqa.py,300_silver_to_gold,.py
300_silver_to_gold/mpr/silver_to_gold_mpr_source_account_balances.py,300_silver_to_gold,.py
300_silver_to_gold/mpr/silver_to_gold_mpr_source_account_master.py,300_silver_to_gold,.py
300_silver_to_gold/mpr/silver_to_gold_mpr_source_active_projects.py,300_silver_to_gold,.py
300_silver_to_gold/mpr/silver_to_gold_mpr_source_billing_summary.py,300_silver_to_gold,.py
300_silver_to_gold/mpr/silver_to_gold_mpr_source_contracts.py,300_silver_to_gold,.py
300_silver_to_gold/mpr/silver_to_gold_mpr_source_contract_summary.py,300_silver_to_gold,.py
300_silver_to_gold/mpr/silver_to_gold_mpr_source_cors_detail.py,300_silver_to_gold,.py
300_silver_to_gold/mpr/silver_to_gold_mpr_source_data_import_log.py,300_silver_to_gold,.py
300_silver_to_gold/mpr/silver_to_gold_mpr_source_employee_project.py,300_silver_to_gold,.py
300_silver_to_gold/mpr/silver_to_gold_mpr_source_pcco_details.py,300_silver_to_gold,.py
300_silver_to_gold/operation_financials/silver_to_gold_dim_account_master.py,300_silver_to_gold,.py
300_silver_to_gold/operation_financials/silver_to_gold_dim_document_type.py,300_silver_to_gold,.py
300_silver_to_gold/operation_financials/silver_to_gold_dim_ledger_type.py,300_silver_to_gold,.py
300_silver_to_gold/operation_financials/silver_to_gold_fact_accounts_payable.py,300_silver_to_gold,.py
300_silver_to_gold/operation_financials/silver_to_gold_fact_accounts_receivable.py,300_silver_to_gold,.py
300_silver_to_gold/operation_financials/silver_to_gold_fact_account_balance.py,300_silver_to_gold,.py
300_silver_to_gold/operation_financials/silver_to_gold_fact_account_balance_monthly_detail.py,300_silver_to_gold,.py
300_silver_to_gold/operation_financials/silver_to_gold_fact_account_balance_monthly_header.py,300_silver_to_gold,.py
300_silver_to_gold/operation_financials/silver_to_gold_fact_account_balance_weekly.py,300_silver_to_gold,.py
300_silver_to_gold/operation_financials/silver_to_gold_fact_contracts.py,300_silver_to_gold,.py
300_silver_to_gold/operation_financials/silver_to_gold_fact_pco_line_items.py,300_silver_to_gold,.py
300_silver_to_gold/operation_financials/silver_to_gold_fact_project_billing.py,300_silver_to_gold,.py
300_silver_to_gold/operation_financials/silver_to_gold_fact_project_cash_position.py,300_silver_to_gold,.py
300_silver_to_gold/operation_financials/silver_to_gold_fact_wpr_weekly.py,300_silver_to_gold,.py
300_silver_to_gold/operation_financials/silver_to_gold_fact_wpr_weekly_gl_date_rpt_v.py,300_silver_to_gold,.py
300_silver_to_gold/operation_financials/silver_to_gold_fact_wpr_weekly_work_date_rpt_v.py,300_silver_to_gold,.py
300_silver_to_gold/operation_financials/silver_to_gold_health_scorecard.py,300_silver_to_gold,.py
300_silver_to_gold/operation_financials/silver_to_gold_proforma_executive_summary.py,300_silver_to_gold,.py
300_silver_to_gold/operation_financials/silver_to_gold_scanman_approvals.py,300_silver_to_gold,.py
300_silver_to_gold/operation_financials/silver_to_gold_stg_fact_wpr_weekly.py,300_silver_to_gold,.py
300_silver_to_gold/operation_financials/silver_to_gold_vw_dim_account_master_lvl7_v.py,300_silver_to_gold,.py
300_silver_to_gold/operation_financials/silver_to_gold_vw_fact_project_billing_current_v.py,300_silver_to_gold,.py
300_silver_to_gold/operation_financials/silver_to_gold_vw_fact_project_cash_position_current_v.py,300_silver_to_gold,.py
300_silver_to_gold/operation_financials/silver_to_gold_vw_fact_wpr_weekly_rpt_v.py,300_silver_to_gold,.py
300_silver_to_gold/operation_financials/silver_to_gold_vw_missed_time_card_v.py,300_silver_to_gold,.py
300_silver_to_gold/operation_financials/silver_to_gold_vw_scanman_workbench_v.py,300_silver_to_gold,.py
300_silver_to_gold/operation_financials/silver_to_gold_vw_statement_of_operations_ba_v.py,300_silver_to_gold,.py
300_silver_to_gold/operation_financials/silver_to_gold_vw_statement_of_operations_v.py,300_silver_to_gold,.py
300_silver_to_gold/proforma/silver_to_gold_fact_proforma.py,300_silver_to_gold,.py
300_silver_to_gold/project_management/silver_to_gold_brdg_work_package_component.py,300_silver_to_gold,.py
300_silver_to_gold/project_management/silver_to_gold_brdg_work_package_cost_item.py,300_silver_to_gold,.py
300_silver_to_gold/project_management/silver_to_gold_bridge_bid_package_cost_item.py,300_silver_to_gold,.py
300_silver_to_gold/project_management/silver_to_gold_bridge_contract_closeout_user.py,300_silver_to_gold,.py
300_silver_to_gold/project_management/silver_to_gold_dim_bid_package.py,300_silver_to_gold,.py
300_silver_to_gold/project_management/silver_to_gold_dim_bid_package_milestone.py,300_silver_to_gold,.py
300_silver_to_gold/project_management/silver_to_gold_dim_cco.py,300_silver_to_gold,.py
300_silver_to_gold/project_management/silver_to_gold_dim_change_order.py,300_silver_to_gold,.py
300_silver_to_gold/project_management/silver_to_gold_dim_change_order_description.py,300_silver_to_gold,.py
300_silver_to_gold/project_management/silver_to_gold_dim_claiming_scheme.py,300_silver_to_gold,.py
300_silver_to_gold/project_management/silver_to_gold_dim_claiming_scheme_step.py,300_silver_to_gold,.py
300_silver_to_gold/project_management/silver_to_gold_dim_commodity.py,300_silver_to_gold,.py
300_silver_to_gold/project_management/silver_to_gold_dim_component.py,300_silver_to_gold,.py
300_silver_to_gold/project_management/silver_to_gold_dim_contract.py,300_silver_to_gold,.py
300_silver_to_gold/project_management/silver_to_gold_dim_contract_closeout_status.py,300_silver_to_gold,.py
300_silver_to_gold/project_management/silver_to_gold_dim_contract_closeout_type.py,300_silver_to_gold,.py
300_silver_to_gold/project_management/silver_to_gold_dim_contract_detail_type.py,300_silver_to_gold,.py
300_silver_to_gold/project_management/silver_to_gold_dim_contract_line.py,300_silver_to_gold,.py
300_silver_to_gold/project_management/silver_to_gold_dim_contract_responsibility.py,300_silver_to_gold,.py
300_silver_to_gold/project_management/silver_to_gold_dim_contract_schedule_of_values.py,300_silver_to_gold,.py
300_silver_to_gold/project_management/silver_to_gold_dim_contract_term.py,300_silver_to_gold,.py
300_silver_to_gold/project_management/silver_to_gold_dim_contract_type_hierarchy.py,300_silver_to_gold,.py
300_silver_to_gold/project_management/silver_to_gold_dim_contract_vco.py,300_silver_to_gold,.py
300_silver_to_gold/project_management/silver_to_gold_dim_cor.py,300_silver_to_gold,.py
300_silver_to_gold/project_management/silver_to_gold_dim_cost_category.py,300_silver_to_gold,.py
300_silver_to_gold/project_management/silver_to_gold_dim_cost_item.py,300_silver_to_gold,.py
300_silver_to_gold/project_management/silver_to_gold_dim_cost_item_characteristic_type_list.py,300_silver_to_gold,.py
300_silver_to_gold/project_management/silver_to_gold_dim_craft.py,300_silver_to_gold,.py
300_silver_to_gold/project_management/silver_to_gold_dim_daily_plan.py,300_silver_to_gold,.py
300_silver_to_gold/project_management/silver_to_gold_dim_discipline.py,300_silver_to_gold,.py
300_silver_to_gold/project_management/silver_to_gold_dim_diversity_category.py,300_silver_to_gold,.py
300_silver_to_gold/project_management/silver_to_gold_dim_document_rfi_report.py,300_silver_to_gold,.py
300_silver_to_gold/project_management/silver_to_gold_dim_document_set_report.py,300_silver_to_gold,.py
300_silver_to_gold/project_management/silver_to_gold_dim_document_submittal.py,300_silver_to_gold,.py
300_silver_to_gold/project_management/silver_to_gold_dim_document_workflow_history.py,300_silver_to_gold,.py
300_silver_to_gold/project_management/silver_to_gold_dim_forcast_notes.py,300_silver_to_gold,.py
300_silver_to_gold/project_management/silver_to_gold_dim_forecast_method.py,300_silver_to_gold,.py
300_silver_to_gold/project_management/silver_to_gold_dim_forecast_snapshot.py,300_silver_to_gold,.py
300_silver_to_gold/project_management/silver_to_gold_dim_invoice.py,300_silver_to_gold,.py
300_silver_to_gold/project_management/silver_to_gold_dim_invoice_payment_method.py,300_silver_to_gold,.py
300_silver_to_gold/project_management/silver_to_gold_dim_issue.py,300_silver_to_gold,.py
300_silver_to_gold/project_management/silver_to_gold_dim_pay_item.py,300_silver_to_gold,.py
300_silver_to_gold/project_management/silver_to_gold_dim_risk_mitigation_plan.py,300_silver_to_gold,.py
300_silver_to_gold/project_management/silver_to_gold_dim_time.py,300_silver_to_gold,.py
300_silver_to_gold/project_management/silver_to_gold_dim_time_card.py,300_silver_to_gold,.py
300_silver_to_gold/project_management/silver_to_gold_dim_trade.py,300_silver_to_gold,.py
300_silver_to_gold/project_management/silver_to_gold_dim_union.py,300_silver_to_gold,.py
300_silver_to_gold/project_management/silver_to_gold_dim_unit_of_measure.py,300_silver_to_gold,.py
300_silver_to_gold/project_management/silver_to_gold_dim_user.py,300_silver_to_gold,.py
300_silver_to_gold/project_management/silver_to_gold_dim_wbs.py,300_silver_to_gold,.py
300_silver_to_gold/project_management/silver_to_gold_dim_work_package.py,300_silver_to_gold,.py
300_silver_to_gold/project_management/silver_to_gold_fact_actuals.py,300_silver_to_gold,.py
300_silver_to_gold/project_management/silver_to_gold_fact_bid_package.py,300_silver_to_gold,.py
300_silver_to_gold/project_management/silver_to_gold_fact_bid_package_milestone.py,300_silver_to_gold,.py
300_silver_to_gold/project_management/silver_to_gold_fact_budget_log.py,300_silver_to_gold,.py
300_silver_to_gold/project_management/silver_to_gold_fact_cco_log.py,300_silver_to_gold,.py
300_silver_to_gold/project_management/silver_to_gold_fact_change_order_cost.py,300_silver_to_gold,.py
300_silver_to_gold/project_management/silver_to_gold_fact_change_order_detail.py,300_silver_to_gold,.py
300_silver_to_gold/project_management/silver_to_gold_fact_change_order_pay_item.py,300_silver_to_gold,.py
300_silver_to_gold/project_management/silver_to_gold_fact_committed_cost_summary.py,300_silver_to_gold,.py
300_silver_to_gold/project_management/silver_to_gold_fact_contract_claim_history.py,300_silver_to_gold,.py
300_silver_to_gold/project_management/silver_to_gold_fact_contract_closeout.py,300_silver_to_gold,.py
300_silver_to_gold/project_management/silver_to_gold_fact_contract_diversity.py,300_silver_to_gold,.py
300_silver_to_gold/project_management/silver_to_gold_fact_contract_line.py,300_silver_to_gold,.py
300_silver_to_gold/project_management/silver_to_gold_fact_contract_schedule_of_values.py,300_silver_to_gold,.py
300_silver_to_gold/project_management/silver_to_gold_fact_contract_vco_line.py,300_silver_to_gold,.py
300_silver_to_gold/project_management/silver_to_gold_fact_control_budget.py,300_silver_to_gold,.py
300_silver_to_gold/project_management/silver_to_gold_fact_cor_log.py,300_silver_to_gold,.py
300_silver_to_gold/project_management/silver_to_gold_fact_current_plan_detail.py,300_silver_to_gold,.py
300_silver_to_gold/project_management/silver_to_gold_fact_current_plan_summary.py,300_silver_to_gold,.py
300_silver_to_gold/project_management/silver_to_gold_fact_current_project_forecast.py,300_silver_to_gold,.py
300_silver_to_gold/project_management/silver_to_gold_fact_daily_plan_notes.py,300_silver_to_gold,.py
300_silver_to_gold/project_management/silver_to_gold_fact_daily_plan_quantity.py,300_silver_to_gold,.py
300_silver_to_gold/project_management/silver_to_gold_fact_document.py,300_silver_to_gold,.py
300_silver_to_gold/project_management/silver_to_gold_fact_estimates.py,300_silver_to_gold,.py
300_silver_to_gold/project_management/silver_to_gold_fact_forcast.py,300_silver_to_gold,.py
300_silver_to_gold/project_management/silver_to_gold_fact_invoice_line.py,300_silver_to_gold,.py
300_silver_to_gold/project_management/silver_to_gold_fact_invoice_payment.py,300_silver_to_gold,.py
300_silver_to_gold/project_management/silver_to_gold_fact_issues_log.py,300_silver_to_gold,.py
300_silver_to_gold/project_management/silver_to_gold_fact_pay_item.py,300_silver_to_gold,.py
300_silver_to_gold/project_management/silver_to_gold_fact_pay_item_earning.py,300_silver_to_gold,.py
300_silver_to_gold/project_management/silver_to_gold_fact_quantity_claim.py,300_silver_to_gold,.py
300_silver_to_gold/project_management/silver_to_gold_fact_time_card.py,300_silver_to_gold,.py
300_silver_to_gold/project_management/silver_to_gold_fact_work_package.py,300_silver_to_gold,.py
300_silver_to_gold/project_management/silver_to_gold_fact_wp_component_progress.py,300_silver_to_gold,.py
300_silver_to_gold/project_management/silver_to_gold_ref_bid_package_document.py,300_silver_to_gold,.py
300_silver_to_gold/project_management/silver_to_gold_ref_contract_document.py,300_silver_to_gold,.py
300_silver_to_gold/project_management/silver_to_gold_sat_current_budget_cost_item_category.py,300_silver_to_gold,.py
300_silver_to_gold/project_management/silver_to_gold_sat_original_budget_cost_item_category.py,300_silver_to_gold,.py
300_silver_to_gold/project_management/silver_to_gold_vw_fact_current_plan_actuals_detail_v.py,300_silver_to_gold,.py
300_silver_to_gold/project_management/silver_to_gold_vw_fact_current_plan_actuals_summary_v.py,300_silver_to_gold,.py
300_silver_to_gold/project_management/silver_to_gold_vw_fact_current_project_forecast_detail_v.py,300_silver_to_gold,.py
300_silver_to_gold/project_management/silver_to_gold_vw_fact_invoice_payment_progress_v.py,300_silver_to_gold,.py
300_silver_to_gold/project_management/silver_to_gold_vw_rpt_contract_line_exception_v.py,300_silver_to_gold,.py
300_silver_to_gold/project_management/silver_to_gold_vw_rpt_contract_original_exception_v.py,300_silver_to_gold,.py
300_silver_to_gold/project_mgmt_core/silver_to_gold_dim_acs.py,300_silver_to_gold,.py
300_silver_to_gold/prolog/silver_to_gold_prolog_budget.py,300_silver_to_gold,.py
300_silver_to_gold/prolog/silver_to_gold_prolog_change_order_requests.py,300_silver_to_gold,.py
300_silver_to_gold/prolog/silver_to_gold_prolog_contactlist_by_project_number.py,300_silver_to_gold,.py
300_silver_to_gold/prolog/silver_to_gold_prolog_contracts.py,300_silver_to_gold,.py
300_silver_to_gold/prolog/silver_to_gold_prolog_contract_sched_values.py,300_silver_to_gold,.py
300_silver_to_gold/prolog/silver_to_gold_prolog_daily_reports.py,300_silver_to_gold,.py
300_silver_to_gold/prolog/silver_to_gold_prolog_fieldpo.py,300_silver_to_gold,.py
300_silver_to_gold/prolog/silver_to_gold_prolog_pccos.py,300_silver_to_gold,.py
300_silver_to_gold/prolog/silver_to_gold_prolog_potential_changeorder_lineitems.py,300_silver_to_gold,.py
300_silver_to_gold/prolog/silver_to_gold_prolog_potential_change_orders.py,300_silver_to_gold,.py
300_silver_to_gold/prolog/silver_to_gold_prolog_projects_assigned_roles.py,300_silver_to_gold,.py
300_silver_to_gold/prolog/silver_to_gold_prolog_request_for_information.py,300_silver_to_gold,.py
300_silver_to_gold/prolog/silver_to_gold_prolog_safety.py,300_silver_to_gold,.py
300_silver_to_gold/prolog/silver_to_gold_prolog_submittals.py,300_silver_to_gold,.py
300_silver_to_gold/prolog/silver_to_gold_prolog_submittal_reviewers.py,300_silver_to_gold,.py
300_silver_to_gold/prolog/silver_to_gold_prolog_sub_contract_changeorder.py,300_silver_to_gold,.py
300_silver_to_gold/safety/silver_to_gold_dim_body_part.py,300_silver_to_gold,.py
300_silver_to_gold/safety/silver_to_gold_dim_compliance_user.py,300_silver_to_gold,.py
300_silver_to_gold/safety/silver_to_gold_dim_form.py,300_silver_to_gold,.py
300_silver_to_gold/safety/silver_to_gold_dim_form_location.py,300_silver_to_gold,.py
300_silver_to_gold/safety/silver_to_gold_dim_ineight_org_hierarchy.py,300_silver_to_gold,.py
300_silver_to_gold/safety/silver_to_gold_dim_ineight_project_hierarchy.py,300_silver_to_gold,.py
300_silver_to_gold/safety/silver_to_gold_dim_injury_cause.py,300_silver_to_gold,.py
300_silver_to_gold/safety/silver_to_gold_dim_injury_cause_hierarchy.py,300_silver_to_gold,.py
300_silver_to_gold/safety/silver_to_gold_dim_obs_project.py,300_silver_to_gold,.py
300_silver_to_gold/safety/silver_to_gold_dim_org_project_bu.py,300_silver_to_gold,.py
300_silver_to_gold/safety/silver_to_gold_dim_reporter_and_assignor.py,300_silver_to_gold,.py
300_silver_to_gold/safety/silver_to_gold_dim_role.py,300_silver_to_gold,.py
300_silver_to_gold/safety/silver_to_gold_dim_safety_form.py,300_silver_to_gold,.py
300_silver_to_gold/safety/silver_to_gold_dim_status.py,300_silver_to_gold,.py
300_silver_to_gold/safety/silver_to_gold_dim_stcky_bucket.py,300_silver_to_gold,.py
300_silver_to_gold/safety/silver_to_gold_dim_stcky_role.py,300_silver_to_gold,.py
300_silver_to_gold/safety/silver_to_gold_fact_cvis_recognition.py,300_silver_to_gold,.py
300_silver_to_gold/safety/silver_to_gold_fact_cvis_suggestion_box.py,300_silver_to_gold,.py
300_silver_to_gold/safety/silver_to_gold_fact_cvis_walk.py,300_silver_to_gold,.py
300_silver_to_gold/safety/silver_to_gold_fact_event_task.py,300_silver_to_gold,.py
300_silver_to_gold/safety/silver_to_gold_fact_incident.py,300_silver_to_gold,.py
300_silver_to_gold/safety/silver_to_gold_fact_psli.py,300_silver_to_gold,.py
300_silver_to_gold/safety/silver_to_gold_fact_safety_event_task.py,300_silver_to_gold,.py
300_silver_to_gold/safety/silver_to_gold_fact_stcky_walk.py,300_silver_to_gold,.py
300_silver_to_gold/safety/silver_to_gold_fact_stcky_walk_missing_protection_reason.py,300_silver_to_gold,.py
300_silver_to_gold/safety/silver_to_gold_vw_dim_org_project_bu_safety.py,300_silver_to_gold,.py
300_silver_to_gold/safety/silver_to_gold_vw_fact_cvis_recognition_action_area.py,300_silver_to_gold,.py
300_silver_to_gold/safety/silver_to_gold_vw_fact_cvis_recognition_award_type.py,300_silver_to_gold,.py
300_silver_to_gold/safety/silver_to_gold_vw_fact_cvis_walk_corr_action.py,300_silver_to_gold,.py
300_silver_to_gold/safety/silver_to_gold_vw_fact_cvis_walk_protection.py,300_silver_to_gold,.py
300_silver_to_gold/safety/silver_to_gold_vw_fact_incidents_event_task.py,300_silver_to_gold,.py
300_silver_to_gold/safety/silver_to_gold_vw_fact_incident_body_part.py,300_silver_to_gold,.py
300_silver_to_gold/safety/silver_to_gold_vw_fact_incident_equip_category.py,300_silver_to_gold,.py
300_silver_to_gold/safety/silver_to_gold_vw_fact_incident_equip_crane_damage.py,300_silver_to_gold,.py
300_silver_to_gold/safety/silver_to_gold_vw_fact_incident_equip_crane_estimated_loss.py,300_silver_to_gold,.py
300_silver_to_gold/safety/silver_to_gold_vw_fact_incident_equip_crane_owner.py,300_silver_to_gold,.py
300_silver_to_gold/safety/silver_to_gold_vw_fact_incident_event.py,300_silver_to_gold,.py
300_silver_to_gold/safety/silver_to_gold_vw_fact_incident_first_aid_provider.py,300_silver_to_gold,.py
300_silver_to_gold/safety/silver_to_gold_vw_fact_incident_injury_classification.py,300_silver_to_gold,.py
300_silver_to_gold/safety/silver_to_gold_vw_fact_incident_injury_main_cause.py,300_silver_to_gold,.py
300_silver_to_gold/safety/silver_to_gold_vw_fact_incident_injury_type.py,300_silver_to_gold,.py
300_silver_to_gold/safety/silver_to_gold_vw_fact_incident_medical_treatment.py,300_silver_to_gold,.py
300_silver_to_gold/safety/silver_to_gold_vw_fact_incident_medical_treatment_provider.py,300_silver_to_gold,.py
300_silver_to_gold/safety/silver_to_gold_vw_fact_incident_utility_info.py,300_silver_to_gold,.py
300_silver_to_gold/safety/silver_to_gold_vw_fact_incident_utility_pivots.py,300_silver_to_gold,.py
300_silver_to_gold/safety/silver_to_gold_vw_fact_labor_hours_by_project_monthly.py,300_silver_to_gold,.py
300_silver_to_gold/safety/silver_to_gold_vw_fact_other_event_task.py,300_silver_to_gold,.py
300_silver_to_gold/safety/silver_to_gold_vw_fact_psli_event_task.py,300_silver_to_gold,.py
300_silver_to_gold/safety/silver_to_gold_vw_fact_stcky_svis_event_task.py,300_silver_to_gold,.py
300_silver_to_gold/safety/silver_to_gold_vw_fact_stcky_walk_corr_action.py,300_silver_to_gold,.py
300_silver_to_gold/safety/silver_to_gold_vw_fact_stcky_walk_protection.py,300_silver_to_gold,.py
300_silver_to_gold/safety/silver_to_gold_vw_fact_subcontractor_labor_hours_by_project_monthly.py,300_silver_to_gold,.py
300_silver_to_gold/schedule/silver_to_gold_dim_activity_code.py,300_silver_to_gold,.py
300_silver_to_gold/schedule/silver_to_gold_dim_float_criteria.py,300_silver_to_gold,.py
300_silver_to_gold/schedule/silver_to_gold_dim_group.py,300_silver_to_gold,.py
300_silver_to_gold/schedule/silver_to_gold_dim_predecessor_task.py,300_silver_to_gold,.py
300_silver_to_gold/schedule/silver_to_gold_dim_successor_task.py,300_silver_to_gold,.py
300_silver_to_gold/schedule/silver_to_gold_dim_task.py,300_silver_to_gold,.py
300_silver_to_gold/schedule/silver_to_gold_dim_wbs.py,300_silver_to_gold,.py
300_silver_to_gold/schedule/silver_to_gold_fact_project_schedule_stats.py,300_silver_to_gold,.py
300_silver_to_gold/schedule/silver_to_gold_fact_task.py,300_silver_to_gold,.py
300_silver_to_gold/schedule/silver_to_gold_fact_task_float_trend_weekly.py,300_silver_to_gold,.py
300_silver_to_gold/schedule/silver_to_gold_vw_fact_average_daily_labor.py,300_silver_to_gold,.py
300_silver_to_gold/schedule/silver_to_gold_vw_fact_average_daily_labor_by_date.py,300_silver_to_gold,.py
300_silver_to_gold/schedule/silver_to_gold_vw_fact_task_current.py,300_silver_to_gold,.py
300_silver_to_gold/schedule/silver_to_gold_vw_fact_task_current_max_week.py,300_silver_to_gold,.py
300_silver_to_gold/schedule/silver_to_gold_vw_fact_task_float_trend_project_weekly.py,300_silver_to_gold,.py
300_silver_to_gold/schedule_validator/silver_to_gold_vw_schedule_validator_project_current.py,300_silver_to_gold,.py
300_silver_to_gold/schedule_validator/silver_to_gold_vw_schedule_validator_project_snapshots.py,300_silver_to_gold,.py
300_silver_to_gold/security/silver_to_gold_bridge_user_project_relationship.py,300_silver_to_gold,.py
300_silver_to_gold/security/silver_to_gold_dim_active_directory_user.py,300_silver_to_gold,.py
300_silver_to_gold/security/silver_to_gold_ref_user_project_role.py,300_silver_to_gold,.py
300_silver_to_gold/security/silver_to_gold_stg_user_cosential_opportunity_relationship.py,300_silver_to_gold,.py
300_silver_to_gold/security/silver_to_gold_stg_user_cosential_project_relationship.py,300_silver_to_gold,.py
300_silver_to_gold/security/silver_to_gold_stg_user_cost_code_relationship.py,300_silver_to_gold,.py
300_silver_to_gold/security/silver_to_gold_stg_user_defined_permission_override.py,300_silver_to_gold,.py
300_silver_to_gold/security/silver_to_gold_stg_user_project_relationship.py,300_silver_to_gold,.py
300_silver_to_gold/support_financials/silver_to_gold_fact_it_actuals.py,300_silver_to_gold,.py
300_silver_to_gold/support_financials/silver_to_gold_fact_it_budget.py,300_silver_to_gold,.py
300_silver_to_gold/templates/silver_to_gold_dim_template.py,300_silver_to_gold,.py
300_silver_to_gold/templates/silver_to_gold_fact_incremental.py,300_silver_to_gold,.py
300_silver_to_gold/templates/silver_to_gold_fact_template.py,300_silver_to_gold,.py
300_silver_to_gold/templates/silver_to_gold_vw_template.py,300_silver_to_gold,.py
300_silver_to_gold/tradetapp/silver_to_gold_prequal.py,300_silver_to_gold,.py
300_silver_to_gold/tradetapp/silver_to_gold_subcontractor_qualification.py,300_silver_to_gold,.py
300_silver_to_gold/user_communication/silver_to_gold_data_warehouse_release_notes.py,300_silver_to_gold,.py
300_silver_to_gold/web_app_integration/silver_to_gold_dim_pbi_report.py,300_silver_to_gold,.py
300_silver_to_gold/web_app_integration/silver_to_gold_dim_pbi_workspace.py,300_silver_to_gold,.py
300_silver_to_gold/web_app_integration/silver_to_gold_fact_pbi_user_avtivity.py,300_silver_to_gold,.py
300_silver_to_gold/web_app_integration/silver_to_gold_project_notes_export.py,300_silver_to_gold,.py
300_silver_to_gold/web_app_integration/web_app_company_export.py,300_silver_to_gold,.py
300_silver_to_gold/web_app_integration/web_app_pbi_datasets_export.py,300_silver_to_gold,.py
300_silver_to_gold/web_app_integration/web_app_user_menu_export.py,300_silver_to_gold,.py
300_silver_to_gold/web_app_integration/web_app_workspace_report_export.py,300_silver_to_gold,.py
300_silver_to_gold/weld_office/silver_to_gold_vw_wps_process_expiry_mapping.py,300_silver_to_gold,.py
300_silver_to_gold/z_backfill/backfill_fact_wpr_weekly.py,300_silver_to_gold,.py
300_silver_to_gold/z_backfill/e1_account_balances.py,300_silver_to_gold,.py
300_silver_to_gold/z_backfill/e1_cash_position.py,300_silver_to_gold,.py
300_silver_to_gold/z_backfill/e1_fact_account_balance_monthly_detail.py,300_silver_to_gold,.py
300_silver_to_gold/z_backfill/e1_fact_account_balance_monthly_header.py,300_silver_to_gold,.py
300_silver_to_gold/z_backfill/e1_fact_equipment_account_balance_monthly.py,300_silver_to_gold,.py
300_silver_to_gold/z_backfill/e1_monthly_subcontractor_hours_by_project.py,300_silver_to_gold,.py
300_silver_to_gold/z_backfill/e1_project_billing.py,300_silver_to_gold,.py
300_silver_to_gold/z_backfill/e1_weekly_labor_head_count.py,300_silver_to_gold,.py
300_silver_to_gold/z_backfill/e1_weekly_labor_hours_by_project.py,300_silver_to_gold,.py
300_silver_to_gold/z_backfill/emars_payroll.py,300_silver_to_gold,.py
300_silver_to_gold/z_backfill/p6_fact_task_float_trend_weekly.py,300_silver_to_gold,.py
300_silver_to_gold/z_backfill/silver_to_gold_fact_project_billing.py,300_silver_to_gold,.py
300_silver_to_gold/z_backfill/silver_to_gold_proforma_executive_summary.py,300_silver_to_gold,.py
100_raw_to_bronze/autodesk/source_to_gold_autodesk_api_refresh_token.py,100_raw_to_bronze,.py
100_raw_to_bronze/azure_cost_management_api/source_to_bronze_actualcost.py,100_raw_to_bronze,.py
100_raw_to_bronze/azure_cost_management_api/source_to_bronze_amortizedcost.py,100_raw_to_bronze,.py
100_raw_to_bronze/b2g/raw_to_bronze_b2g_api_contract.py,100_raw_to_bronze,.py
100_raw_to_bronze/b2g/raw_to_bronze_b2g_api_contract_vendor.py,100_raw_to_bronze,.py
100_raw_to_bronze/b2g/raw_to_bronze_b2g_api_master.py,100_raw_to_bronze,.py
100_raw_to_bronze/b2g/raw_to_bronze_b2g_api_vendor.py,100_raw_to_bronze,.py
100_raw_to_bronze/cosential_api/raw_to_bronze_cosential_api_companies.py,100_raw_to_bronze,.py
100_raw_to_bronze/cosential_api/raw_to_bronze_cosential_api_contacts.py,100_raw_to_bronze,.py
100_raw_to_bronze/cosential_api/raw_to_bronze_cosential_api_contact_opportunities.py,100_raw_to_bronze,.py
100_raw_to_bronze/cosential_api/raw_to_bronze_cosential_api_contact_projects.py,100_raw_to_bronze,.py
100_raw_to_bronze/cosential_api/raw_to_bronze_cosential_api_master.py,100_raw_to_bronze,.py
100_raw_to_bronze/cosential_api/raw_to_bronze_cosential_api_opportunities.py,100_raw_to_bronze,.py
100_raw_to_bronze/cosential_api/raw_to_bronze_cosential_api_projects.py,100_raw_to_bronze,.py
100_raw_to_bronze/cslb_data/source_to_bronze_california_license_data.py,100_raw_to_bronze,.py
100_raw_to_bronze/cslb_data/source_to_bronze_california_license_data_v2.py,100_raw_to_bronze,.py
100_raw_to_bronze/jjkeller/raw_to_bronze_jjkeller_credentials.py,100_raw_to_bronze,.py
100_raw_to_bronze/metadata_promotion/build_metadata_table.py,100_raw_to_bronze,.py
100_raw_to_bronze/nccer/raw_to_bronze_nccer_credentials.py,100_raw_to_bronze,.py
100_raw_to_bronze/power_bi/raw_to_bronze_power_bi_get_reports_api.py,100_raw_to_bronze,.py
100_raw_to_bronze/schedule_validator/raw_to_bronze_schedule_validator_company_statistics.py,100_raw_to_bronze,.py
100_raw_to_bronze/schedule_validator/raw_to_bronze_schedule_validator_org_charts.py,100_raw_to_bronze,.py
100_raw_to_bronze/schedule_validator/raw_to_bronze_schedule_validator_projects.py,100_raw_to_bronze,.py
100_raw_to_bronze/schedule_validator/raw_to_bronze_schedule_validator_project_tags.py,100_raw_to_bronze,.py
100_raw_to_bronze/sitesense/raw_to_bronze_sitesense.py,100_raw_to_bronze,.py
100_raw_to_bronze/tradetapp/source_to_bronze_financials.py,100_raw_to_bronze,.py
100_raw_to_bronze/tradetapp/source_to_bronze_qualifications.py,100_raw_to_bronze,.py
100_raw_to_bronze/vairkko/raw_to_bronze_vairkko_certifications.py,100_raw_to_bronze,.py
100_raw_to_bronze/vairkko/raw_to_bronze_vairkko_templates.py,100_raw_to_bronze,.py
100_raw_to_bronze/vairkko/raw_to_bronze_vairkko_users.py,100_raw_to_bronze,.py
100_raw_to_bronze/visionlinkcat/raw_to_bronze_visionlink.py,100_raw_to_bronze,.py
100_raw_to_bronze/vrm/raw_to_bronze_vrm_driver_compliance.py,100_raw_to_bronze,.py
100_raw_to_bronze/weld_office/raw_to_bronze_weld_office_process_expiry.py,100_raw_to_bronze,.py
100_raw_to_bronze/weld_office/raw_to_bronze_weld_office_wpq.py,100_raw_to_bronze,.py
000_source_to_raw/visionlink/source-to-raw-assetfencehistory.py,000_source_to_raw,.py
000_source_to_raw/visionlink/source-to-raw-assetoperationfeed.py,000_source_to_raw,.py
000_source_to_raw/visionlink/source-to-raw-assetoperationhistory.py,000_source_to_raw,.py
000_source_to_raw/visionlink/source-to-raw-assetsummary.py,000_source_to_raw,.py
000_source_to_raw/visionlink/source-to-raw-faultshistory.py,000_source_to_raw,.py
000_source_to_raw/visionlink/source-to-raw-utilizationhistory.py,000_source_to_raw,.py
